object_name,object_type,package,namespace,created_date,last_changed_date,developer_id
SALES_ORDER_HEADER,Table,SD_CORE,Standard,1999-04-02,2015-04-13,SAP
SALES_ORDER_ITEM,Table,SD_CORE,Standard,2001-01-31,2017-09-30,SAP
BILLING_DOC_HEADER,Table,SD_BILLING,Standard,2000-07-03,2016-07-25,SAP
DELIVERY_HEADER,Table,SD_CORE,Standard,1999-02-24,2022-08-03,SAP
FINANCIAL_DOC_HEADER,Table,FI_CORE,Standard,2004-02-12,2015-12-23,SAP
FINANCIAL_DOC_ITEM,Table,FI_CORE,Standard,2004-08-15,2019-09-25,SAP
VENDOR_MASTER,Table,MM_PURCHASING,Standard,1998-05-11,2015-05-03,SAP
CUSTOMER_MASTER,Table,SD_CORE,Standard,1999-01-19,2017-06-14,SAP
MATERIAL_MASTER,Table,MM_INVENTORY,Standard,2000-08-10,2020-08-31,SAP
PURCHASE_ORDER_HEADER,Table,MM_PURCHASING,Standard,2004-10-01,2015-04-19,SAP
STOCK_LEVELS,Table,MM_INVENTORY,Standard,2004-04-17,2017-03-25,SAP
COST_CENTER_POSTINGS,Table,CO_CONTROLLING,Standard,2004-02-11,2019-09-15,SAP
PRICING_CONDITIONS,Table,SD_CORE,Standard,2000-06-21,2020-01-14,SAP
CREDIT_LIMITS,Table,FI_AR,Standard,2004-08-10,2018-02-13,SAP
STD_ORDER_ENTRY,Program,SD_CORE,Standard,2007-07-06,2015-07-31,SAP
STD_ORDER_ENTRY_V2,Program,FI_AP,Standard,2002-02-12,2015-06-27,SAP
STD_ORDER_CHANGE,Program,FI_AP,Standard,2000-02-23,2014-01-29,SAP
STD_DELIVERY_CREATE,Program,FI_AP,Standard,2005-10-08,2017-12-06,SAP
STD_DELIVERY_CREATE_V2,Program,CO_CONTROLLING,Standard,2005-01-05,2014-10-19,SAP
STD_DELIVERY_CREATE_BATCH,Program,FI_AR,Standard,1999-11-19,2024-05-19,SAP
STD_BILLING_RUN,Program,FI_CORE,Standard,2008-04-20,2020-02-10,SAP
STD_BILLING_RUN_V2,Program,SD_BILLING,Standard,1999-07-07,2017-02-09,SAP
STD_BILLING_RUN_BATCH,Program,SD_BILLING,Standard,2008-08-04,2017-03-22,SAP
STD_INVOICE_PRINT,Program,SD_BILLING,Standard,2003-04-06,2018-03-27,SAP
STD_INVOICE_PRINT_BATCH,Program,MM_PURCHASING,Standard,2003-02-25,2019-12-20,SAP
STD_PAYMENT_RUN,Program,MM_INVENTORY,Standard,2006-07-08,2017-12-27,SAP
STD_PAYMENT_RUN_V2,Program,HR_CORE,Standard,2006-04-08,2013-08-07,SAP
STD_PAYMENT_RUN_BATCH,Program,MM_PURCHASING,Standard,2004-12-27,2017-06-28,SAP
STD_DUNNING_RUN,Program,MM_PURCHASING,Standard,2004-03-08,2020-07-05,SAP
STD_DUNNING_RUN_BATCH,Program,PP_PLANNING,Standard,2001-06-18,2019-04-10,SAP
STD_GOODS_RECEIPT,Program,SD_CORE,Standard,2001-07-27,2012-09-19,SAP
STD_GOODS_RECEIPT_V2,Program,FI_AR,Standard,2002-01-01,2013-06-26,SAP
STD_GOODS_ISSUE,Program,BASIS_TOOLS,Standard,2008-10-29,2019-01-21,SAP
STD_PO_CREATE,Program,HR_CORE,Standard,2004-02-23,2015-03-16,SAP
STD_PO_APPROVE,Program,PP_PLANNING,Standard,2005-01-16,2017-11-22,SAP
STD_PO_APPROVE_V2,Program,FI_AR,Standard,2005-07-18,2020-12-15,SAP
STD_MRP_RUN,Program,MM_PURCHASING,Standard,2004-09-18,2023-01-25,SAP
STD_STOCK_OVERVIEW,Program,SD_BILLING,Standard,2000-09-18,2015-08-03,SAP
STD_STOCK_OVERVIEW_V2,Program,FI_AR,Standard,2005-09-08,2013-06-04,SAP
STD_COST_ALLOCATION,Program,BASIS_TOOLS,Standard,2004-04-01,2023-11-13,SAP
STD_COST_ALLOCATION_BATCH,Program,SD_CORE,Standard,2006-08-18,2014-07-27,SAP
STD_GL_POSTING,Program,HR_CORE,Standard,2008-12-03,2024-01-16,SAP
STD_GL_POSTING_V2,Program,HR_CORE,Standard,2002-10-25,2014-07-02,SAP
STD_CREDIT_CHECK,Program,MM_PURCHASING,Standard,2004-02-02,2012-01-27,SAP
STD_CREDIT_CHECK_V2,Program,FI_CORE,Standard,2004-08-12,2016-01-03,SAP
STD_CREDIT_CHECK_BATCH,Program,SD_BILLING,Standard,2008-10-05,2018-09-10,SAP
STD_AVAILABILITY_CHECK,Program,HR_CORE,Standard,2004-09-10,2016-06-17,SAP
STD_AVAILABILITY_CHECK_BATCH,Program,PP_PLANNING,Standard,2007-09-25,2023-11-23,SAP
STD_PRICING_ENGINE,Program,SD_CORE,Standard,2005-09-19,2019-04-09,SAP
STD_OUTPUT_CONTROL,Program,FI_AP,Standard,2008-11-08,2018-11-24,SAP
STD_BATCH_SCHEDULER,Program,BASIS_TOOLS,Standard,1999-11-19,2013-12-02,SAP
STD_BATCH_SCHEDULER_V2,Program,SD_BILLING,Standard,2007-07-13,2023-12-12,SAP
STD_BATCH_SCHEDULER_BATCH,Program,MM_PURCHASING,Standard,2006-05-26,2022-08-29,SAP
STD_ARCHIVE_RUN,Program,PP_PLANNING,Standard,2000-11-07,2017-12-11,SAP
STD_ARCHIVE_RUN_V2,Program,BASIS_TOOLS,Standard,2003-09-30,2016-10-01,SAP
STD_ARCHIVE_RUN_BATCH,Program,MM_INVENTORY,Standard,2006-12-30,2018-12-28,SAP
STD_USER_ADMIN,Program,FI_AR,Standard,2006-07-14,2020-05-17,SAP
STD_USER_ADMIN_BATCH,Program,SD_BILLING,Standard,2001-10-12,2017-01-14,SAP
STD_TRANSPORT_TOOL,Program,SD_BILLING,Standard,2002-10-16,2012-06-21,SAP
STD_TRANSPORT_TOOL_V2,Program,MM_INVENTORY,Standard,2005-08-07,2016-12-09,SAP
STD_IDOC_PROCESSOR,Program,HR_CORE,Standard,1999-08-30,2017-02-18,SAP
FM_FI_GET_1000,Function Module,PP_PLANNING,Standard,2004-05-03,2016-03-31,SAP
FM_BC_POST_1001,Function Module,MM_INVENTORY,Standard,2001-12-19,2022-10-22,SAP
FM_PP_POST_1002,Function Module,MM_INVENTORY,Standard,2009-08-10,2019-02-17,SAP
FM_MM_GET_1003,Function Module,SD_BILLING,Standard,2008-09-01,2017-12-12,SAP
FM_CO_POST_1004,Function Module,CO_CONTROLLING,Standard,2000-03-19,2024-08-28,SAP
FM_BC_GET_1005,Function Module,SD_CORE,Standard,2008-01-12,2017-08-11,SAP
FM_SD_SET_1006,Function Module,MM_INVENTORY,Standard,2003-04-08,2022-01-11,SAP
FM_CO_SET_1007,Function Module,FI_AR,Standard,2003-02-12,2016-03-31,SAP
FM_CO_SET_1008,Function Module,SD_BILLING,Standard,2008-12-09,2022-05-06,SAP
FM_SD_GET_1009,Function Module,HR_CORE,Standard,1999-05-01,2012-02-04,SAP
FM_MM_SET_1010,Function Module,FI_AR,Standard,2009-11-22,2020-10-18,SAP
FM_MM_POST_1011,Function Module,SD_CORE,Standard,2002-09-10,2018-07-02,SAP
FM_SD_POST_1012,Function Module,FI_CORE,Standard,2009-03-16,2016-05-25,SAP
FM_CO_CALC_1013,Function Module,PP_PLANNING,Standard,2009-11-30,2013-06-22,SAP
FM_MM_CHECK_1014,Function Module,MM_INVENTORY,Standard,2000-04-24,2022-12-28,SAP
FM_BC_READ_1015,Function Module,SD_CORE,Standard,2006-01-13,2011-04-14,SAP
FM_SD_READ_1016,Function Module,CO_CONTROLLING,Standard,2010-04-12,2021-11-29,SAP
FM_MM_GET_1017,Function Module,PP_PLANNING,Standard,2000-10-18,2014-03-03,SAP
FM_SD_READ_1018,Function Module,SD_BILLING,Standard,2004-04-10,2019-01-21,SAP
FM_SD_READ_1019,Function Module,MM_INVENTORY,Standard,1999-11-22,2023-11-22,SAP
FM_SD_POST_1020,Function Module,HR_CORE,Standard,2010-09-22,2017-02-04,SAP
FM_FI_SET_1021,Function Module,HR_CORE,Standard,2006-01-17,2015-05-10,SAP
FM_FI_POST_1022,Function Module,MM_PURCHASING,Standard,2005-09-23,2020-04-03,SAP
FM_FI_GET_1023,Function Module,SD_CORE,Standard,2009-04-12,2023-12-07,SAP
FM_PP_GET_1024,Function Module,SD_BILLING,Standard,2003-10-13,2021-05-07,SAP
FM_FI_SET_1025,Function Module,FI_AP,Standard,2000-07-17,2015-06-25,SAP
FM_FI_CHECK_1026,Function Module,MM_PURCHASING,Standard,2008-10-29,2022-03-09,SAP
FM_BC_CHECK_1027,Function Module,BASIS_TOOLS,Standard,2010-11-12,2010-03-06,SAP
FM_BC_READ_1028,Function Module,FI_CORE,Standard,2001-04-28,2013-01-05,SAP
FM_FI_GET_1029,Function Module,SD_BILLING,Standard,2002-06-27,2016-02-10,SAP
FM_FI_READ_1030,Function Module,MM_INVENTORY,Standard,2006-09-09,2014-07-26,SAP
FM_BC_CALC_1031,Function Module,FI_CORE,Standard,2010-05-03,2020-12-16,SAP
FM_FI_GET_1032,Function Module,SD_BILLING,Standard,2008-07-01,2016-03-16,SAP
FM_SD_GET_1033,Function Module,FI_AP,Standard,2001-12-07,2024-04-16,SAP
FM_FI_SET_1034,Function Module,CO_CONTROLLING,Standard,2008-08-04,2022-07-31,SAP
FM_SD_GET_1035,Function Module,SD_BILLING,Standard,2002-05-06,2022-03-28,SAP
FM_SD_CHECK_1036,Function Module,BASIS_TOOLS,Standard,2002-04-28,2019-08-22,SAP
FM_MM_GET_1037,Function Module,FI_CORE,Standard,2007-03-07,2010-11-23,SAP
FM_FI_SET_1038,Function Module,HR_CORE,Standard,2004-08-06,2024-12-16,SAP
FM_SD_CHECK_1039,Function Module,PP_PLANNING,Standard,2008-02-12,2023-12-03,SAP
FM_BC_SET_1040,Function Module,MM_INVENTORY,Standard,2002-08-24,2013-12-21,SAP
FM_CO_GET_1041,Function Module,MM_PURCHASING,Standard,2006-06-14,2019-03-27,SAP
FM_BC_CALC_1042,Function Module,MM_INVENTORY,Standard,2004-12-25,2013-07-28,SAP
FM_BC_GET_1043,Function Module,FI_AR,Standard,1999-11-14,2020-07-22,SAP
FM_MM_SET_1044,Function Module,CO_CONTROLLING,Standard,2006-11-04,2016-11-05,SAP
FM_MM_SET_1045,Function Module,SD_CORE,Standard,2003-05-02,2018-12-09,SAP
FM_FI_CHECK_1046,Function Module,SD_BILLING,Standard,2005-04-05,2017-11-16,SAP
FM_BC_READ_1047,Function Module,FI_AR,Standard,2006-06-05,2010-08-15,SAP
FM_SD_CHECK_1048,Function Module,MM_PURCHASING,Standard,2004-12-14,2010-11-10,SAP
FM_SD_READ_1049,Function Module,FI_AR,Standard,2006-10-02,2017-01-13,SAP
FM_CO_READ_1050,Function Module,PP_PLANNING,Standard,2001-08-05,2018-08-22,SAP
FM_PP_SET_1051,Function Module,FI_CORE,Standard,1999-12-30,2019-10-13,SAP
FM_SD_READ_1052,Function Module,PP_PLANNING,Standard,2003-06-03,2018-03-03,SAP
FM_CO_GET_1053,Function Module,HR_CORE,Standard,2006-05-28,2023-12-23,SAP
FM_FI_CALC_1054,Function Module,SD_BILLING,Standard,2005-09-26,2021-05-17,SAP
FM_FI_CALC_1055,Function Module,FI_AR,Standard,2006-04-26,2019-01-10,SAP
FM_BC_CHECK_1056,Function Module,PP_PLANNING,Standard,2001-11-08,2014-04-21,SAP
FM_CO_CALC_1057,Function Module,FI_AR,Standard,2002-11-26,2023-10-22,SAP
FM_PP_CHECK_1058,Function Module,FI_AR,Standard,1999-01-04,2016-10-25,SAP
FM_FI_SET_1059,Function Module,FI_AR,Standard,2006-03-24,2020-06-06,SAP
FM_CO_POST_1060,Function Module,HR_CORE,Standard,2003-10-17,2021-06-19,SAP
FM_CO_CALC_1061,Function Module,MM_PURCHASING,Standard,2000-11-25,2016-05-13,SAP
FM_PP_CALC_1062,Function Module,HR_CORE,Standard,2006-07-08,2012-02-05,SAP
FM_MM_CALC_1063,Function Module,FI_CORE,Standard,2004-01-15,2014-06-20,SAP
FM_MM_GET_1064,Function Module,SD_CORE,Standard,2004-06-28,2020-08-28,SAP
FM_PP_GET_1065,Function Module,CO_CONTROLLING,Standard,2008-04-18,2024-02-16,SAP
FM_PP_SET_1066,Function Module,FI_AR,Standard,2010-02-01,2018-12-18,SAP
FM_MM_SET_1067,Function Module,HR_CORE,Standard,1999-02-15,2012-05-23,SAP
FM_CO_SET_1068,Function Module,MM_PURCHASING,Standard,2010-08-14,2020-06-02,SAP
FM_SD_READ_1069,Function Module,MM_INVENTORY,Standard,2001-09-21,2020-03-28,SAP
FM_MM_POST_1070,Function Module,HR_CORE,Standard,2010-11-30,2022-07-15,SAP
FM_PP_CHECK_1071,Function Module,CO_CONTROLLING,Standard,2010-04-28,2019-07-28,SAP
FM_PP_POST_1072,Function Module,MM_PURCHASING,Standard,2009-08-24,2020-02-04,SAP
FM_FI_SET_1073,Function Module,HR_CORE,Standard,2005-03-21,2021-09-10,SAP
FM_CO_CALC_1074,Function Module,MM_INVENTORY,Standard,2005-02-27,2019-11-13,SAP
FM_SD_CALC_1075,Function Module,FI_CORE,Standard,2004-04-04,2016-02-04,SAP
FM_FI_CHECK_1076,Function Module,PP_PLANNING,Standard,2000-10-22,2013-02-07,SAP
FM_MM_SET_1077,Function Module,FI_AR,Standard,2002-06-05,2014-10-19,SAP
FM_SD_POST_1078,Function Module,FI_AR,Standard,2006-06-03,2022-03-04,SAP
FM_CO_POST_1079,Function Module,SD_CORE,Standard,2003-08-22,2019-06-04,SAP
FM_CO_READ_1080,Function Module,SD_CORE,Standard,2007-07-14,2020-09-12,SAP
FM_SD_CHECK_1081,Function Module,FI_CORE,Standard,2007-09-30,2019-05-26,SAP
FM_PP_CALC_1082,Function Module,PP_PLANNING,Standard,2003-12-12,2020-12-13,SAP
FM_MM_CHECK_1083,Function Module,FI_AR,Standard,2009-11-22,2010-08-26,SAP
FM_CO_CHECK_1084,Function Module,HR_CORE,Standard,2008-01-26,2013-09-14,SAP
FM_CO_SET_1085,Function Module,BASIS_TOOLS,Standard,2010-12-24,2010-08-09,SAP
FM_CO_READ_1086,Function Module,BASIS_TOOLS,Standard,1999-08-11,2011-11-19,SAP
FM_BC_POST_1087,Function Module,MM_PURCHASING,Standard,2009-05-10,2014-01-28,SAP
FM_SD_CHECK_1088,Function Module,FI_AR,Standard,2006-05-05,2014-09-30,SAP
FM_CO_CHECK_1089,Function Module,FI_AP,Standard,2007-07-03,2016-03-29,SAP
FM_CO_CHECK_1090,Function Module,SD_BILLING,Standard,2009-07-19,2010-06-08,SAP
FM_BC_READ_1091,Function Module,SD_CORE,Standard,2006-11-06,2015-01-11,SAP
FM_BC_GET_1092,Function Module,HR_CORE,Standard,1999-11-26,2010-09-12,SAP
FM_MM_SET_1093,Function Module,SD_CORE,Standard,2002-06-02,2015-05-09,SAP
FM_MM_POST_1094,Function Module,HR_CORE,Standard,2001-07-26,2022-08-26,SAP
FM_MM_POST_1095,Function Module,FI_CORE,Standard,2007-04-10,2013-10-06,SAP
FM_PP_READ_1096,Function Module,SD_BILLING,Standard,2002-09-03,2016-12-23,SAP
FM_SD_READ_1097,Function Module,SD_CORE,Standard,2005-12-30,2022-11-30,SAP
FM_BC_POST_1098,Function Module,FI_AR,Standard,2003-06-13,2011-09-15,SAP
FM_PP_CALC_1099,Function Module,HR_CORE,Standard,2004-06-12,2012-04-14,SAP
FM_BC_CHECK_1100,Function Module,HR_CORE,Standard,2001-09-18,2022-09-11,SAP
FM_SD_CHECK_1101,Function Module,PP_PLANNING,Standard,2008-08-10,2024-11-02,SAP
FM_FI_GET_1102,Function Module,PP_PLANNING,Standard,2006-08-27,2010-04-14,SAP
FM_CO_POST_1103,Function Module,SD_BILLING,Standard,2008-09-21,2018-02-15,SAP
FM_BC_POST_1104,Function Module,MM_PURCHASING,Standard,2008-10-07,2013-12-13,SAP
FM_BC_READ_1105,Function Module,HR_CORE,Standard,2005-01-21,2023-10-25,SAP
FM_PP_POST_1106,Function Module,CO_CONTROLLING,Standard,2008-10-08,2023-04-16,SAP
FM_FI_CHECK_1107,Function Module,MM_INVENTORY,Standard,2000-12-10,2016-04-03,SAP
FM_CO_SET_1108,Function Module,CO_CONTROLLING,Standard,2007-07-02,2017-07-18,SAP
FM_SD_POST_1109,Function Module,FI_AP,Standard,2003-01-29,2020-12-08,SAP
FM_MM_CHECK_1110,Function Module,FI_CORE,Standard,2006-08-20,2016-04-09,SAP
FM_PP_CALC_1111,Function Module,FI_CORE,Standard,1999-03-25,2021-08-03,SAP
FM_MM_GET_1112,Function Module,MM_INVENTORY,Standard,2008-02-12,2020-12-16,SAP
FM_PP_SET_1113,Function Module,CO_CONTROLLING,Standard,2010-01-03,2020-01-20,SAP
FM_SD_GET_1114,Function Module,FI_CORE,Standard,2003-12-21,2019-01-26,SAP
FM_BC_SET_1115,Function Module,FI_CORE,Standard,2007-04-12,2020-08-12,SAP
FM_PP_READ_1116,Function Module,FI_AP,Standard,2008-07-17,2022-05-06,SAP
FM_FI_CHECK_1117,Function Module,CO_CONTROLLING,Standard,2005-01-28,2016-11-16,SAP
FM_FI_SET_1118,Function Module,SD_BILLING,Standard,2003-04-27,2017-01-28,SAP
FM_SD_CALC_1119,Function Module,PP_PLANNING,Standard,2003-02-25,2014-04-19,SAP
FM_MM_CALC_1120,Function Module,CO_CONTROLLING,Standard,2005-03-15,2023-03-23,SAP
FM_PP_READ_1121,Function Module,FI_CORE,Standard,2001-04-03,2014-05-10,SAP
FM_FI_SET_1122,Function Module,FI_AP,Standard,2003-01-09,2016-10-12,SAP
FM_SD_CALC_1123,Function Module,PP_PLANNING,Standard,2001-11-02,2016-02-26,SAP
FM_SD_GET_1124,Function Module,PP_PLANNING,Standard,2005-07-21,2012-10-31,SAP
FM_BC_POST_1125,Function Module,SD_BILLING,Standard,1999-04-11,2022-11-16,SAP
FM_FI_POST_1126,Function Module,CO_CONTROLLING,Standard,2008-11-17,2017-08-23,SAP
FM_MM_GET_1127,Function Module,FI_CORE,Standard,2009-09-18,2012-07-23,SAP
FM_SD_POST_1128,Function Module,CO_CONTROLLING,Standard,2000-08-29,2022-12-10,SAP
FM_BC_CALC_1129,Function Module,SD_CORE,Standard,2002-05-27,2013-05-07,SAP
FM_PP_CHECK_1130,Function Module,SD_BILLING,Standard,2004-07-26,2012-08-28,SAP
FM_PP_POST_1131,Function Module,BASIS_TOOLS,Standard,2004-01-23,2021-09-20,SAP
FM_CO_POST_1132,Function Module,CO_CONTROLLING,Standard,2005-09-01,2023-03-15,SAP
FM_CO_CHECK_1133,Function Module,BASIS_TOOLS,Standard,2000-05-08,2023-09-04,SAP
FM_BC_GET_1134,Function Module,MM_INVENTORY,Standard,2003-09-25,2015-12-08,SAP
FM_BC_GET_1135,Function Module,MM_PURCHASING,Standard,2004-05-18,2013-11-24,SAP
FM_PP_GET_1136,Function Module,MM_PURCHASING,Standard,1999-01-22,2019-03-01,SAP
FM_CO_CALC_1137,Function Module,BASIS_TOOLS,Standard,2009-07-16,2016-07-13,SAP
FM_SD_SET_1138,Function Module,FI_CORE,Standard,2005-05-05,2020-03-08,SAP
FM_SD_CALC_1139,Function Module,MM_INVENTORY,Standard,2004-12-07,2024-01-08,SAP
FM_PP_CALC_1140,Function Module,MM_INVENTORY,Standard,2008-07-14,2012-07-29,SAP
FM_PP_SET_1141,Function Module,HR_CORE,Standard,2002-05-05,2015-12-17,SAP
FM_MM_GET_1142,Function Module,SD_CORE,Standard,2002-09-21,2016-11-24,SAP
FM_PP_CALC_1143,Function Module,BASIS_TOOLS,Standard,2005-06-22,2019-11-07,SAP
FM_SD_POST_1144,Function Module,FI_CORE,Standard,2008-01-11,2016-02-09,SAP
FM_PP_READ_1145,Function Module,CO_CONTROLLING,Standard,2008-10-26,2011-10-21,SAP
FM_PP_GET_1146,Function Module,FI_AR,Standard,2006-03-25,2023-07-17,SAP
FM_FI_GET_1147,Function Module,SD_BILLING,Standard,2004-02-19,2022-11-26,SAP
FM_PP_GET_1148,Function Module,HR_CORE,Standard,2005-01-16,2022-12-04,SAP
FM_SD_SET_1149,Function Module,CO_CONTROLLING,Standard,2010-08-22,2024-08-12,SAP
FM_CO_CHECK_1150,Function Module,MM_PURCHASING,Standard,2008-10-10,2024-03-28,SAP
FM_CO_GET_1151,Function Module,CO_CONTROLLING,Standard,2006-10-21,2019-02-28,SAP
FM_FI_CHECK_1152,Function Module,HR_CORE,Standard,2001-05-06,2013-08-10,SAP
FM_FI_POST_1153,Function Module,CO_CONTROLLING,Standard,2005-06-19,2024-11-10,SAP
FM_CO_READ_1154,Function Module,SD_CORE,Standard,2009-03-14,2011-12-23,SAP
FM_FI_CHECK_1155,Function Module,FI_AP,Standard,2001-08-07,2019-01-25,SAP
FM_PP_GET_1156,Function Module,HR_CORE,Standard,2009-05-12,2019-04-09,SAP
FM_SD_SET_1157,Function Module,PP_PLANNING,Standard,2007-02-11,2023-12-19,SAP
FM_CO_CALC_1158,Function Module,CO_CONTROLLING,Standard,2000-02-27,2014-07-26,SAP
FM_FI_READ_1159,Function Module,MM_PURCHASING,Standard,2005-06-17,2019-10-30,SAP
FM_BC_POST_1160,Function Module,SD_BILLING,Standard,1999-08-25,2024-02-18,SAP
FM_PP_SET_1161,Function Module,MM_PURCHASING,Standard,2005-12-20,2022-05-10,SAP
FM_SD_READ_1162,Function Module,FI_AR,Standard,2001-02-02,2015-01-15,SAP
FM_SD_POST_1163,Function Module,SD_BILLING,Standard,2002-06-15,2021-03-06,SAP
FM_BC_CHECK_1164,Function Module,PP_PLANNING,Standard,2005-02-17,2019-04-27,SAP
FM_CO_POST_1165,Function Module,MM_INVENTORY,Standard,2009-03-30,2022-05-13,SAP
FM_MM_POST_1166,Function Module,MM_INVENTORY,Standard,2010-05-26,2013-01-23,SAP
FM_SD_CHECK_1167,Function Module,FI_AR,Standard,2006-08-16,2021-05-22,SAP
FM_FI_GET_1168,Function Module,FI_CORE,Standard,2005-09-11,2023-03-02,SAP
FM_PP_CALC_1169,Function Module,CO_CONTROLLING,Standard,2002-05-02,2020-01-07,SAP
FM_PP_POST_1170,Function Module,FI_AP,Standard,2006-06-16,2022-05-19,SAP
FM_PP_POST_1171,Function Module,CO_CONTROLLING,Standard,2006-03-21,2014-03-26,SAP
FM_BC_SET_1172,Function Module,BASIS_TOOLS,Standard,2007-08-04,2015-03-29,SAP
FM_CO_GET_1173,Function Module,FI_AP,Standard,2009-08-10,2018-07-21,SAP
FM_CO_CALC_1174,Function Module,HR_CORE,Standard,2002-05-31,2021-02-09,SAP
FM_SD_SET_1175,Function Module,PP_PLANNING,Standard,2006-06-12,2012-04-02,SAP
FM_CO_GET_1176,Function Module,PP_PLANNING,Standard,2009-04-01,2010-05-06,SAP
FM_BC_SET_1177,Function Module,FI_AR,Standard,2002-06-18,2011-09-05,SAP
FM_CO_CHECK_1178,Function Module,FI_AP,Standard,2007-12-01,2024-07-29,SAP
FM_SD_CHECK_1179,Function Module,HR_CORE,Standard,2010-12-20,2018-07-11,SAP
FM_FI_CALC_1180,Function Module,CO_CONTROLLING,Standard,1999-10-22,2023-11-07,SAP
FM_SD_SET_1181,Function Module,HR_CORE,Standard,2005-06-12,2015-02-07,SAP
FM_BC_GET_1182,Function Module,FI_AR,Standard,2001-03-17,2024-03-19,SAP
FM_BC_GET_1183,Function Module,CO_CONTROLLING,Standard,2002-09-24,2016-09-19,SAP
FM_SD_GET_1184,Function Module,FI_AP,Standard,2000-04-04,2016-07-31,SAP
FM_FI_CHECK_1185,Function Module,FI_AR,Standard,2002-04-07,2015-06-24,SAP
FM_PP_POST_1186,Function Module,BASIS_TOOLS,Standard,2003-01-15,2013-10-24,SAP
FM_MM_GET_1187,Function Module,BASIS_TOOLS,Standard,2007-07-31,2023-11-25,SAP
FM_BC_SET_1188,Function Module,CO_CONTROLLING,Standard,2002-03-18,2015-03-18,SAP
FM_CO_CALC_1189,Function Module,FI_CORE,Standard,2009-04-22,2015-09-23,SAP
FM_BC_GET_1190,Function Module,CO_CONTROLLING,Standard,2005-06-14,2022-04-05,SAP
FM_MM_GET_1191,Function Module,CO_CONTROLLING,Standard,2006-10-01,2023-03-07,SAP
FM_FI_CALC_1192,Function Module,FI_AR,Standard,2004-08-10,2020-03-31,SAP
FM_FI_SET_1193,Function Module,FI_AR,Standard,2009-11-02,2012-05-23,SAP
FM_MM_POST_1194,Function Module,BASIS_TOOLS,Standard,2007-01-19,2022-11-22,SAP
FM_FI_CALC_1195,Function Module,FI_CORE,Standard,1999-06-29,2024-10-06,SAP
FM_CO_CHECK_1196,Function Module,SD_CORE,Standard,2000-02-06,2023-08-08,SAP
FM_BC_POST_1197,Function Module,FI_CORE,Standard,2004-02-29,2023-08-14,SAP
FM_FI_SET_1198,Function Module,HR_CORE,Standard,2003-04-07,2023-12-05,SAP
Z_ORDER_VALIDATE,Program,Y_LEGACY_TOOLS,Custom,2019-10-15,2020-07-14,DEV_OKAFOR
Z_ORDER_ENRICH,Program,Z_FINANCE_EXT,Custom,2014-11-21,2014-10-01,EXT_CONSULT_02
Z_PRICE_OVERRIDE,Program,Z_FINANCE_EXT,Custom,2012-04-30,2021-04-26,DEV_LINDQVIST
Z_PRICE_OVERRIDE_V2,Program,Y_LEGACY_TOOLS,Custom,2017-02-05,2021-02-07,EXT_CONSULT_01
Z_REBATE_REPORT,Program,Z_FINANCE_EXT,Custom,2008-09-09,2013-10-06,DEV_TANAKA
Z_MARGIN_CALC,Program,Y_LEGACY_TOOLS,Custom,2012-08-06,2014-08-01,DEV_TANAKA
Z_DELIVERY_SPLIT,Program,Z_LOGISTICS,Custom,2013-11-30,2025-07-02,DEV_FISCHER
Z_DELIVERY_SPLIT_V2,Program,Z_REPORTING,Custom,2005-04-25,2010-12-07,EXT_CONSULT_01
Z_TRUCK_PLANNING,Program,Z_FINANCE_EXT,Custom,2010-11-18,2023-02-10,DEV_NOVAK
Z_CUSTOMS_EXPORT,Program,Z_SALES_EXT,Custom,2010-03-31,2020-07-29,DEV_BRANDT
Z_LABEL_PRINT,Program,Z_FINANCE_EXT,Custom,2018-09-07,2020-06-25,DEV_OKAFOR
Z_EDI_MAP_CUST01,Program,Z_MIGRATION_2011,Custom,2011-10-12,2025-07-24,DEV_NOVAK
Z_EDI_MAP_CUST01_V2,Program,Z_SALES_EXT,Custom,2005-11-01,2011-10-30,DEV_TANAKA
Y_EDI_MAP_CUST02,Program,Z_LOGISTICS,Custom,2017-01-21,2018-07-10,DEV_NOVAK
Z_LEGACY_SYNC,Program,Z_MIGRATION_2011,Custom,2017-02-12,2021-09-13,EXT_CONSULT_02
Z_PLANT_REPORT,Program,Z_REPORTING,Custom,2019-09-10,2020-02-10,DEV_TANAKA
Z_STOCK_CORRECTION,Program,Z_FINANCE_EXT,Custom,2005-09-26,2020-06-25,DEV_FISCHER
Z_STOCK_CORRECTION_V2,Program,Z_REPORTING,Custom,2010-04-19,2018-02-19,DEV_OKAFOR
Z_VENDOR_SCORECARD,Program,Z_FINANCE_EXT,Custom,2017-03-19,2024-03-26,DEV_FISCHER
Z_VENDOR_SCORECARD_V2,Program,Z_FINANCE_EXT,Custom,2009-04-04,2011-09-28,DEV_TANAKA
Y_INVOICE_MATCH,Program,Z_LOGISTICS,Custom,2019-05-24,2025-09-11,DEV_BRANDT
Y_INVOICE_MATCH_V2,Program,Z_FINANCE_EXT,Custom,2010-06-19,2012-10-28,EXT_CONSULT_02
Z_PAYMENT_PROPOSAL,Program,Y_LEGACY_TOOLS,Custom,2017-06-07,2019-04-29,EXT_CONSULT_02
Z_PAYMENT_PROPOSAL_V2,Program,Y_LEGACY_TOOLS,Custom,2010-03-24,2017-05-15,DEV_LINDQVIST
Z_FX_REVALUATION,Program,Z_INTERFACES,Custom,2005-01-24,2011-03-22,DEV_LINDQVIST
Z_TAX_ADJUST,Program,Y_LEGACY_TOOLS,Custom,2008-11-30,2010-06-19,DEV_BRANDT
Z_TAX_ADJUST_V2,Program,Z_FINANCE_EXT,Custom,2010-05-04,2023-03-17,DEV_FISCHER
Y_AUDIT_EXTRACT,Program,Z_FINANCE_EXT,Custom,2006-03-06,2008-11-04,DEV_NOVAK
Z_KPI_EXTRACT,Program,Z_REPORTING,Custom,2015-01-21,2023-09-22,DEV_FISCHER
Y_MONTH_END_HELPER,Program,Z_INTERFACES,Custom,2009-12-20,2022-10-18,DEV_BRANDT
Z_INTERFACE_MONITOR,Program,Z_MIGRATION_2011,Custom,2016-09-11,2019-05-20,DEV_TANAKA
Y_DATA_CLEANSER,Program,Z_REPORTING,Custom,2014-01-04,2023-07-25,DEV_OKAFOR
Z_MASS_UPDATE_MAT,Program,Z_SALES_EXT,Custom,2006-10-24,2013-03-23,EXT_CONSULT_02
Z_MASS_UPDATE_MAT_V2,Program,Z_LOGISTICS,Custom,2011-03-03,2025-01-01,EXT_CONSULT_02
Z_QUOTA_CHECK,Program,Z_FINANCE_EXT,Custom,2013-07-18,2024-11-25,DEV_YILMAZ
Z_BONUS_CALC,Program,Z_SALES_EXT,Custom,2007-07-27,2021-09-07,EXT_CONSULT_01
Z_RETURNS_HANDLER,Program,Z_REPORTING,Custom,2010-02-15,2019-04-13,DEV_FISCHER
Z_COMPLAINT_LOG,Program,Z_MIGRATION_2011,Custom,2007-02-18,2014-01-04,DEV_NOVAK
Z_COMPLAINT_LOG_V2,Program,Z_FINANCE_EXT,Custom,2013-05-25,2016-06-04,DEV_TANAKA
Y_SHIPMENT_TRACKER,Program,Y_LEGACY_TOOLS,Custom,2006-12-01,2008-02-03,DEV_NOVAK
Y_SHIPMENT_TRACKER_V2,Program,Z_MIGRATION_2011,Custom,2013-05-11,2015-12-02,EXT_CONSULT_01
Y_CREDIT_REPORT,Program,Z_INTERFACES,Custom,2017-08-07,2020-09-12,DEV_OKAFOR
Z_DISCOUNT_ENGINE,Program,Y_LEGACY_TOOLS,Custom,2014-06-27,2015-02-26,DEV_YILMAZ
Z_SEASONAL_PRICING,Program,Z_INTERFACES,Custom,2016-05-19,2018-05-21,DEV_LINDQVIST
Z_WAREHOUSE_MAP,Program,Z_SALES_EXT,Custom,2012-11-08,2024-06-22,DEV_FISCHER
Z_WAREHOUSE_MAP_V2,Program,Z_FINANCE_EXT,Custom,2017-11-17,2019-07-16,DEV_NOVAK
Z_PICKLIST_OPT,Program,Y_LEGACY_TOOLS,Custom,2018-12-12,2024-11-18,EXT_CONSULT_01
Z_PICKLIST_OPT_V2,Program,Z_MIGRATION_2011,Custom,2010-12-31,2010-08-26,DEV_LINDQVIST
ZT_CUSTOM_TABLE_01,Table,Z_FINANCE_EXT,Custom,2011-12-07,2018-08-15,DEV_FISCHER
ZT_CUSTOM_TABLE_02,Table,Z_SALES_EXT,Custom,2009-01-26,2012-03-19,EXT_CONSULT_02
ZT_CUSTOM_TABLE_03,Table,Z_MIGRATION_2011,Custom,2013-12-28,2014-07-25,DEV_LINDQVIST
ZT_CUSTOM_TABLE_04,Table,Z_MIGRATION_2011,Custom,2019-03-15,2019-05-06,DEV_OKAFOR
ZT_CUSTOM_TABLE_05,Table,Z_MIGRATION_2011,Custom,2016-11-24,2018-05-31,DEV_NOVAK
ZT_CUSTOM_TABLE_06,Table,Z_REPORTING,Custom,2015-03-06,2018-10-28,DEV_LINDQVIST
ZT_CUSTOM_TABLE_07,Table,Z_FINANCE_EXT,Custom,2011-12-28,2018-04-11,EXT_CONSULT_02
ZT_CUSTOM_TABLE_08,Table,Z_INTERFACES,Custom,2006-11-27,2025-10-24,DEV_BRANDT
ZT_CUSTOM_TABLE_09,Table,Z_LOGISTICS,Custom,2008-07-13,2024-12-02,EXT_CONSULT_02
ZT_CUSTOM_TABLE_10,Table,Z_SALES_EXT,Custom,2006-10-31,2012-02-08,DEV_TANAKA
ZT_CUSTOM_TABLE_11,Table,Z_MIGRATION_2011,Custom,2014-07-06,2024-11-22,EXT_CONSULT_02
ZT_CUSTOM_TABLE_12,Table,Z_REPORTING,Custom,2014-04-16,2020-02-16,DEV_SANTOS
ZT_CUSTOM_TABLE_13,Table,Y_LEGACY_TOOLS,Custom,2016-06-29,2017-04-11,DEV_FISCHER
ZT_CUSTOM_TABLE_14,Table,Z_REPORTING,Custom,2007-06-28,2013-05-09,EXT_CONSULT_02
ZT_CUSTOM_TABLE_15,Table,Z_REPORTING,Custom,2016-10-26,2023-06-25,DEV_YILMAZ
ZT_CUSTOM_TABLE_16,Table,Z_SALES_EXT,Custom,2009-12-12,2017-11-12,EXT_CONSULT_02
ZT_CUSTOM_TABLE_17,Table,Z_SALES_EXT,Custom,2005-03-04,2009-08-02,DEV_YILMAZ
ZT_CUSTOM_TABLE_18,Table,Z_LOGISTICS,Custom,2008-01-30,2025-02-20,DEV_YILMAZ
ZFM_HELPER_001,Function Module,Z_FINANCE_EXT,Custom,2012-05-11,2014-09-09,DEV_BRANDT
ZFM_HELPER_002,Function Module,Z_REPORTING,Custom,2014-08-29,2017-12-10,DEV_LINDQVIST
ZFM_HELPER_003,Function Module,Z_REPORTING,Custom,2016-12-11,2023-11-22,DEV_SANTOS
ZFM_HELPER_004,Function Module,Z_INTERFACES,Custom,2017-07-14,2024-06-29,DEV_FISCHER
ZFM_HELPER_005,Function Module,Z_SALES_EXT,Custom,2013-11-27,2013-12-13,DEV_NOVAK
ZFM_HELPER_006,Function Module,Z_SALES_EXT,Custom,2015-04-25,2025-05-01,DEV_OKAFOR
ZFM_HELPER_007,Function Module,Y_LEGACY_TOOLS,Custom,2012-01-09,2024-11-29,DEV_NOVAK
ZFM_HELPER_008,Function Module,Z_INTERFACES,Custom,2014-01-27,2023-05-15,DEV_YILMAZ
ZFM_HELPER_009,Function Module,Z_SALES_EXT,Custom,2014-02-01,2014-06-20,DEV_FISCHER
ZFM_HELPER_010,Function Module,Z_LOGISTICS,Custom,2018-11-12,2023-02-28,DEV_FISCHER
ZFM_HELPER_011,Function Module,Z_SALES_EXT,Custom,2014-10-18,2016-05-17,DEV_SANTOS
ZFM_HELPER_012,Function Module,Z_REPORTING,Custom,2018-03-18,2022-06-29,EXT_CONSULT_01
ZFM_HELPER_013,Function Module,Z_SALES_EXT,Custom,2013-11-17,2019-12-17,DEV_FISCHER
ZFM_HELPER_014,Function Module,Z_LOGISTICS,Custom,2012-06-21,2015-10-09,DEV_OKAFOR
ZFM_HELPER_015,Function Module,Z_INTERFACES,Custom,2019-03-16,2020-04-12,EXT_CONSULT_01
ZFM_HELPER_016,Function Module,Z_INTERFACES,Custom,2009-05-08,2016-11-02,DEV_FISCHER
ZFM_HELPER_017,Function Module,Z_MIGRATION_2011,Custom,2019-06-24,2020-08-27,DEV_SANTOS
ZFM_HELPER_018,Function Module,Z_SALES_EXT,Custom,2008-04-14,2013-09-27,DEV_SANTOS
ZFM_HELPER_019,Function Module,Z_LOGISTICS,Custom,2018-07-06,2019-09-19,DEV_OKAFOR
ZFM_HELPER_020,Function Module,Z_LOGISTICS,Custom,2019-02-01,2024-07-16,DEV_TANAKA
ZFM_HELPER_021,Function Module,Y_LEGACY_TOOLS,Custom,2017-08-24,2025-07-10,EXT_CONSULT_02
ZFM_HELPER_022,Function Module,Z_REPORTING,Custom,2017-08-30,2024-03-18,EXT_CONSULT_02
ZSD_ORDER_UNBLOCK,Program,Z_SALES_EXT,Custom,2011-06-14,2019-02-08,DEV_KRAUS
ZFI_MASS_REVERSAL,Program,Z_FINANCE_EXT,Custom,2013-03-02,2016-01-20,DEV_KRAUS
ZMM_STOCK_SYNC,Program,Z_INTERFACES,Custom,2012-04-01,2019-02-02,DEV_LINDQVIST
ZMM_STOCK_HELPER,Function Module,Z_INTERFACES,Custom,2014-11-12,2015-07-14,DEV_TANAKA
ZFI_CUSTOM_POST,Program,FI_CORE,Custom,2009-09-09,2018-12-02,DEV_YILMAZ
ZSD_INVOICE_CHECK,Program,Z_SALES_EXT,Custom,2008-04-01,2025-11-10,DEV_YILMAZ
Zsd_Invoice_Check,Program,Z_SALES_EXT,Custom,2014-11-17,2015-04-06,DEV_FISCHER
Z_LEGACY_MIG_01,Program,Z_MIGRATION_2011,Custom,2012-11-05,2012-05-31,DEV_KRAUS
Z_LEGACY_MIG_02,Program,Z_MIGRATION_2011,Custom,2011-09-28,2014-08-03,DEV_KRAUS
Z_LEGACY_MIG_03,Program,Z_MIGRATION_2011,Custom,2012-07-14,2012-03-18,DEV_KRAUS
Z_LEGACY_MIG_04,Program,Z_MIGRATION_2011,Custom,2010-04-27,2014-01-25,DEV_KRAUS
Z_LEGACY_MIG_05,Program,Z_MIGRATION_2011,Custom,2011-08-11,2012-06-06,DEV_KRAUS
Z_LEGACY_MIG_06,Program,Z_MIGRATION_2011,Custom,2010-07-04,2015-06-13,DEV_KRAUS
Z_LEGACY_MIG_07,Program,Z_MIGRATION_2011,Custom,2012-11-04,2014-02-26,DEV_KRAUS
Z_LEGACY_MIG_08,Program,Z_MIGRATION_2011,Custom,2012-08-05,2015-04-03,DEV_KRAUS
Z_LEGACY_MIG_09,Program,Z_MIGRATION_2011,Custom,2010-03-26,2014-07-10,DEV_KRAUS
Z_LEGACY_MIG_10,Program,Z_MIGRATION_2011,Custom,2011-01-21,2013-10-20,DEV_KRAUS
Z_LEGACY_MIG_11,Program,Z_MIGRATION_2011,Custom,2012-09-01,2014-10-23,DEV_KRAUS
